,t,blocked mean,interleaved mean,early mean,middle mean,late mean,instructed mean,blocked stddev,interleaved stddev,early stddev,middle stddev,late stddev,instructed stddev
0,0,0.4503604570902676,0.4702875859338445,0.5778104605202684,0.4508559622195986,0.4975308641975309,0.4375,0.5012487383424782,0.4873024432974487,0.4978869626038385,0.5027528810095965,0.5035345097905664,0.5
1,1,0.5316331706634483,0.5327130852340936,0.6224211001871652,0.5111642743221689,0.598901098901099,0.5797101449275363,0.4963195210038081,0.4944101365370873,0.488718881534369,0.5054315713508766,0.4953617074035577,0.4972216070458061
2,2,0.7208186760473297,0.5623857623857623,0.6419713170596522,0.6406926406926406,0.5357142857142857,0.5555555555555556,0.4488163334128856,0.4928475200029115,0.4802771927728866,0.4843736479952087,0.504077185796846,0.5003910833605343
3,3,0.735830143976672,0.5589309241483154,0.6731395348837209,0.5341789992952783,0.5106918238993711,0.4307692307692308,0.4407242655444099,0.5005489066277712,0.4592888013865045,0.5039673511930237,0.4996875468116925,0.4990375351999702
4,4,0.8183253040634639,0.6287477954144621,0.7942258957115098,0.5429482797903851,0.5308641975308643,0.6710526315789473,0.3882178079469324,0.4737674627637273,0.4082929336957483,0.5019802057692384,0.50404293041555,0.4729526514634587
5,5,0.8698681732580038,0.5666666666666667,0.8021233569261881,0.4890336935791481,0.4993464052287582,0.4657534246575342,0.3370854661284079,0.5007449387240379,0.40284824173752,0.5012596160649602,0.5011651698421511,0.5022779161209768
6,6,0.823595879029578,0.5937183383991894,0.8720930232558141,0.5606418797908159,0.5740740740740741,0.7391304347826086,0.3830831511902722,0.4962161413437386,0.3131771335352925,0.4998227875340433,0.4989376724024982,0.4423258684646913
7,7,0.8237599030864396,0.5103018985371927,0.8570273003033365,0.570785251899803,0.6419753086419753,0.7027027027027027,0.3827345124422368,0.5051221616174418,0.3538361747499122,0.4993306300365401,0.4841963654639233,0.4601884584090189
8,8,0.8709239130434783,0.6133735545500252,0.8439346050146928,0.6441927637579812,0.5521367521367522,0.7205882352941176,0.3359564076370369,0.4854757635329398,0.358534197530376,0.4836718383095518,0.4947192827757573,0.4520463665062094
9,9,0.8705677838280033,0.5090243090243091,0.8761180679785329,0.6803751803751804,0.5841807909604521,0.6081081081081081,0.3331745275437897,0.5047174836084186,0.3294087981657342,0.4668847267630018,0.4983522200155396,0.4915050291014204
10,10,0.8922510283074004,0.5668027210884354,0.9048062015503876,0.5981703830760434,0.6346618357487923,0.7323943661971831,0.3128257980217857,0.4973334635578948,0.2958955597510164,0.4949376201032173,0.4866526466195837,0.4458618132776515
11,11,0.9234042553191488,0.5864483724524293,0.9018826135105203,0.5714285714285713,0.5914249684741488,0.5945945945945946,0.26446489788678823,0.4974544966837392,0.2985855913393109,0.5001832326369415,0.4923975096096368,0.4943216998919631
12,12,0.8795783381562629,0.5856009070294784,0.8871043011589018,0.586038961038961,0.610105580693816,0.7272727272727273,0.3279396893503106,0.4934098378056847,0.3192865640087452,0.4974066726364925,0.4932361238144536,0.4487745552040595
13,13,0.9175993293036836,0.5328538738149722,0.9200643245917864,0.6358104370274756,0.5416666666666666,0.6231884057971014,0.2750871646036877,0.5036943920605892,0.2743217846635508,0.4793894288992936,0.5014305405344289,0.4881371936900501
14,14,0.92304795898367,0.6470673635307782,0.8681496461071788,0.5776044324560764,0.5796934865900383,0.654320987654321,0.2667436991515105,0.482022036550917,0.3421032140762035,0.4959177960025387,0.499152336518043,0.4785523437190672
15,15,0.9133551725775052,0.4855472013366751,0.9513105701174458,0.5754208754208754,0.6619385342789598,0.59375,0.2718945506663652,0.5032644833091106,0.2155246316088535,0.480259090997008,0.4798075711820193,0.4950148306259949
16,16,0.9159696613659364,0.6924603174603174,0.8967441860465116,0.6250164929410212,0.6214965986394557,0.647887323943662,0.26897790997317955,0.465973390215537,0.30533327830493,0.4851508283361768,0.4915156508739285,0.4810284087035601
17,17,0.9310734463276836,0.4850367789392179,0.9590339892665474,0.5580723624201885,0.6432360742705571,0.618421052631579,0.2484926942751428,0.504740257634846,0.19960920875843288,0.4940426541080679,0.4849153019898254,0.4890018476627097
18,18,0.8780065772830761,0.606562137049942,0.9502713178294572,0.5845044148737719,0.643939393939394,0.8115942028985508,0.31807997377918235,0.4924056114411585,0.21749913463951934,0.49821143572893395,0.4810675345880676,0.3939006413551736
19,19,0.9190624846771164,0.5687331536388139,0.9443344878772884,0.6350765478932394,0.6611721611721612,0.5774647887323944,0.274565385671888,0.4713722731916411,0.2315264526580997,0.4523708696155903,0.4779190533685715,0.4974785517554906
20,20,0.8884424313267095,0.6322731220147635,0.9522003577817532,0.5110513165481453,0.5739130434782608,0.6811594202898551,0.3102552386801223,0.48382321882130297,0.2134481030719164,0.5025006223184838,0.5000652392325423,0.469441270623243
21,21,0.9294298921417566,0.5342668982486611,0.9373938722775932,0.5259740259740261,0.5643224699828474,0.5303030303030303,0.2576950865554635,0.5036659127747388,0.2440878219111836,0.5039682087589382,0.5002489490946691,0.5029053120754968
22,22,0.9343671114316624,0.6904761904761905,0.9202814888119192,0.6135660005629046,0.5744872661708361,0.676056338028169,0.2383327627540331,0.4639150085114076,0.273562733688183,0.484827140613893,0.5005307947848706,0.471309661242674
23,23,0.9145454319360335,0.5192425508214982,0.949970685948798,0.5611150262313053,0.6313725490196078,0.6438356164383562,0.28156988552181017,0.4986367524899192,0.22004445675165296,0.500759068189704,0.4877523944398714,0.4821785922507986
24,24,0.9417972497601536,0.6271755455428925,0.9335548172757474,0.5584634220997857,0.625,0.6142857142857143,0.2263710606567107,0.4880575172376965,0.25183708710233665,0.5016282619049787,0.4868018334276805,0.4902781565677318
25,25,0.9577137043530968,0.5887175566033729,0.9047310927568228,0.5614141414141415,0.7108225108225109,0.5571428571428572,0.20082086749611594,0.4946965509459468,0.29534366885331537,0.4990130286134603,0.4598422392346062,0.5003104626191732
26,26,0.9501944383300316,0.5824829931972789,0.9791475224429208,0.5408273166061669,0.6022927689594355,0.7014925373134329,0.21831329830675064,0.4977702036522758,0.14440557518664526,0.5003932284983863,0.4953771303571192,0.4610569337463495
27,27,0.9437432383699964,0.6220488195278112,0.903654485049834,0.5886287625418061,0.617816091954023,0.578125,0.2233944016059352,0.4886493567384232,0.2982324686403616,0.4950290375270168,0.4828576897810728,0.4977628523130841
28,28,0.957877153223318,0.5838624338624339,0.8796764408493427,0.5694879832810867,0.7070707070707071,0.6621621621621622,0.20041198489360867,0.4911238340513571,0.32732297852868186,0.4999460918675943,0.4596970289007553,0.4762014949096287
29,29,0.9406514000318792,0.5265462506841817,0.9618483052135579,0.5986156700442415,0.6666666666666666,0.5675675675675675,0.2365121798190552,0.5038659185667671,0.1934174887973011,0.4873145644236115,0.4773088994953237,0.4987952906227433
30,30,0.9597835956416464,0.5753968253968254,0.9565231733465279,0.6088050314465409,0.6182010582010582,0.7878787878787878,0.19593731938626505,0.4987400596587728,0.2061776071313742,0.4915183724523784,0.4898364633738251,0.4119429204355498
31,31,0.9573974474518124,0.5165246108642335,0.9246123253013172,0.6242018850714502,0.582293523469994,0.6615384615384615,0.2017878555139939,0.4975626084229869,0.2605588924828747,0.4828550363102394,0.4895513968015994,0.4768687934367756
32,32,0.9531193653083304,0.6806418219461697,0.9574907313784968,0.554422366801477,0.6138095238095238,0.6142857142857143,0.2064022270991224,0.4692209529785599,0.2026577561714428,0.5009581673622686,0.4883849531777679,0.4902781565677319
33,33,0.953405565795981,0.5640107895009856,0.9791172282866636,0.5454545454545454,0.66,0.5789473684210527,0.20926940316302128,0.4994799333384856,0.14307474716126994,0.4996341094318048,0.4794150778633117,0.4970085953579164
34,34,0.9352300242130748,0.6435965690624076,0.9333333333333332,0.6022727272727273,0.6042228212039533,0.7205882352941176,0.2470739432112469,0.4752527848122164,0.25226248955475644,0.4917167951307553,0.494398910798295,0.4520463665062094
35,35,0.9424266881894,0.5310685249709639,0.9265595014547781,0.5063241106719368,0.6333333333333333,0.5,0.2304708196948885,0.5032282527485334,0.2620057372384045,0.5043285265723224,0.4849691871941657,0.5035088149780135
36,36,0.9735593220338984,0.6423712342079688,0.9206673724946152,0.5458485564868544,0.6669182389937106,0.6901408450704225,0.1588762902941011,0.4844798089163442,0.2729739850933639,0.5028863930935705,0.4774612109925835,0.4657267529901027
37,37,0.9654370222665336,0.5188935358426884,0.9484883720930232,0.5363636363636364,0.6466666666666666,0.4927536231884058,0.17982141505969051,0.501277474187109,0.2230783743691216,0.4987740071456026,0.4826106373463782,0.503610155185335
38,38,0.9521002210759026,0.5896069704757726,0.9696250593260559,0.548051948051948,0.627763041556145,0.5857142857142857,0.20841277407343053,0.4961400058263213,0.17305653640290608,0.5025937135233721,0.4850181723966647,0.4961549881405293
39,39,0.9667412855772306,0.5754621848739495,0.9418878248974007,0.5360269360269361,0.7222222222222222,0.6081081081081081,0.176612324086182,0.4922111940656141,0.2328990972046013,0.5012230889258631,0.4472711399127867,0.4915050291014204
40,40,0.21640251658816653,0.6639648767308343,0.2139183852566916,0.6058647580386711,0.6513409961685824,0.676923076923077,0.4095937265635789,0.4770189075811804,0.4140763423172791,0.4944635311371491,0.4817191389322553,0.4712911887733364
41,41,0.5645480225988702,0.6543513957307061,0.5382649768990527,0.5227086285330749,0.6659649122807019,0.5507246376811594,0.4992164868889705,0.4798580311422805,0.5009803334429704,0.5024609039658008,0.4616710987811571,0.5010645104662311
42,42,0.7216572504708099,0.5956457628588776,0.7311936402467965,0.4761749878028949,0.6380952380952379,0.6811594202898551,0.4436072364097005,0.4869997796801409,0.44401384400870497,0.5046969993457557,0.4838781868242441,0.469441270623243
43,43,0.8380952380952379,0.5443422114608556,0.8148193963384464,0.5529502210263311,0.7628205128205129,0.582089552238806,0.3597228965992351,0.5022200015379388,0.39227097190353216,0.4991749868013147,0.4305190033549349,0.4969377051180343
44,44,0.8347120520141409,0.6052934662236988,0.8808070812029247,0.4752066115702479,0.6455257882267177,0.6567164179104478,0.3710318614072463,0.49367154432165206,0.3271785602758187,0.5040658208575248,0.4812931673423141,0.4783886718903729
45,45,0.9031928337793635,0.6182472989195679,0.823920265780731,0.5711462450592886,0.7249738766980146,0.5671641791044776,0.2954312145238881,0.4892577969738559,0.3815137342475562,0.4955550378866061,0.4495799258514559,0.4992078754785887
46,46,0.8690046880634692,0.6519010705057217,0.9256556160316676,0.5559170036926323,0.59958071278826,0.6621621621621622,0.3361429130745704,0.48103362860702703,0.2599848305023463,0.5011145940985233,0.4943525196670034,0.4762014949096288
47,47,0.89882372466444,0.559047619047619,0.8785002373042242,0.5935828877005348,0.7111111111111111,0.5394736842105263,0.2994858823781941,0.5012837060889492,0.3274535343466776,0.4924642204296281,0.4550656223894803,0.5017513188472077
48,48,0.8864406779661016,0.633506759439186,0.9181395348837208,0.5646210655881835,0.6873755475906014,0.7432432432432432,0.31038806674846525,0.4866914454442146,0.2744150658889685,0.4995984933556081,0.4623498593023168,0.4398259559519689
49,49,0.9336572820615544,0.5207250433160069,0.9326934908330256,0.6835799859055673,0.6482758620689655,0.6388888888888888,0.2507250061555396,0.5038163620266171,0.2516779614869157,0.4697685397920449,0.4821877963967097,0.4836934064302512
50,50,0.9199570153319075,0.6499278499278499,0.9197265917172018,0.6797713156408808,0.6965811965811965,0.7101449275362319,0.27376098309120056,0.4786343229846236,0.2723817607770638,0.4709278098924982,0.4646973730122807,0.4570187689337444
51,51,0.9085110260616004,0.6103174603174604,0.9352798364426272,0.7253384912959381,0.5935483870967742,0.609375,0.2826277587284374,0.4922428228259314,0.2486758372524044,0.4506137247739704,0.496753109398661,0.4917473702934019
52,52,0.9386670496983626,0.5997591328783621,0.9591836734693876,0.6186540731995277,0.622874149659864,0.6285714285714286,0.23993246309117824,0.4918712277494962,0.199914947901746,0.4909661664390392,0.4885176476391477,0.4866754586687039
53,53,0.9322033898305084,0.6333819241982508,0.9323260970453258,0.6350267379679144,0.6635802469135803,0.6764705882352942,0.2412776800618604,0.4844347592915523,0.2522545493812108,0.4862686280402298,0.475344103143389,0.4713010404866808
54,54,0.92147214271165,0.7286663953330621,0.9573643410852712,0.6534994992767329,0.6904761904761905,0.6521739130434783,0.2660610550000336,0.4483660655116212,0.19989618478407709,0.4800851253421114,0.4661659706195351,0.47976976575540103
55,55,0.9510357815442562,0.5714285714285714,0.9525179734701456,0.6737838432753687,0.7099453551912568,0.5492957746478874,0.21008449722108488,0.5,0.2144653384782909,0.4603708879751958,0.4593452637828014,0.5011054178903219
56,56,0.9101992268807612,0.6111111111111112,0.9889006342494712,0.643176495635512,0.6393218485097073,0.6290322580645161,0.2880079852523159,0.4904054346099594,0.10529232878566533,0.4833701246286,0.4792782160887919,0.4870072867042281
57,57,0.9256117242969384,0.5502645502645503,0.9280219671286108,0.6585534983704321,0.6711915535444947,0.6417910447761194,0.2632328899637501,0.5023111946311948,0.2610771358641364,0.4771221045450552,0.4746712015007892,0.4830927051164928
58,58,0.8950246036085291,0.6562770562770562,0.949905543612794,0.7297996918335902,0.6748917748917749,0.7432432432432432,0.3090662280133461,0.479746690671108,0.2184422990968692,0.44180769218064464,0.4734647394083082,0.4398259559519689
59,59,0.9202307969707898,0.6206349206349205,0.961792767196324,0.7153805496828752,0.6972746331236898,0.6142857142857143,0.2717190183248104,0.4893398758625465,0.19256687092870828,0.4480407314569556,0.4643999730282005,0.4902781565677319
60,60,0.935198164903785,0.6719137466307278,0.9574578041673539,0.699806576402321,0.6000000000000001,0.7826086956521741,0.2471997440578856,0.4739932733289291,0.2028911908637963,0.4618525563403006,0.4762328318654866,0.4154928051118866
61,61,0.9205547200207288,0.5194805194805194,0.9795736434108526,0.6653532226287644,0.6666666666666666,0.6533333333333333,0.2677276402346141,0.5035533422504771,0.1429224589359303,0.4760945590350821,0.4753168665485096,0.4791132951083173
62,62,0.9467031164570804,0.612594752186589,0.9692226378272892,0.6538051090508904,0.6610644257703081,0.75,0.22528293405948124,0.4914423232104548,0.17435600377622146,0.4801823216373823,0.4747828924560867,0.43623217151270094
63,63,0.9391041162227604,0.6048013213957243,0.9609302325581396,0.7039951977589541,0.7023809523809524,0.6774193548387096,0.24117559929552104,0.4923640165900879,0.1914030873879068,0.4586704699023089,0.4553571255200434,0.4712798600667071
64,64,0.9062435335502924,0.6171588391268026,0.9782285997031172,0.6468531468531469,0.6864367816091954,0.7288135593220338,0.2937139926022224,0.4890154308353754,0.14601959142628956,0.4822600479527094,0.46974360163744,0.4483882428930302
65,65,0.9066958728334772,0.6248729376808195,0.9778175313059032,0.7603049124788256,0.6202020202020202,0.5901639344262295,0.2934182912137229,0.4850901392187151,0.1489487867966037,0.4306826306512385,0.48467404200986103,0.4958847036804648
66,66,0.9552893045002924,0.5773809523809523,0.9688273132112816,0.7435064935064936,0.6988536155202821,0.6753246753246753,0.20815969495925105,0.4954479215917921,0.1725767119543979,0.4416658282402048,0.4644015886296866,0.4713239594778242
67,67,0.9444009539587468,0.5392254220456802,0.9594450576637612,0.6657546739626082,0.7069757727652465,0.5625,0.2300275421477705,0.5038469002524613,0.19928765686103728,0.4755191019914885,0.4419048159191048,0.5000000000000001
68,68,0.9210526315789472,0.7163643235071806,0.9471892596952246,0.6615826034430685,0.6967901234567901,0.6493506493506493,0.2672870165658132,0.452762334148104,0.2259919336375772,0.4645646150978489,0.4654174831626025,0.4803023654629547
69,69,0.9233025560998166,0.6128364389233955,0.9903466432645898,0.7937662337662338,0.7000000000000001,0.6164383561643836,0.26269533538613504,0.4920755207554489,0.09830594541908436,0.4019016587557927,0.4613921751640547,0.4896182465934661
70,70,0.9353107344632768,0.6573225516621743,0.9611657722122838,0.7536554354736172,0.6704260651629074,0.7285714285714285,0.2476598304336253,0.4707326840116447,0.1941898294960481,0.4349235136851926,0.4751878357938589,0.4479074882299048
71,71,0.9646361666879064,0.609599395313681,0.9893410852713178,0.8102536997885835,0.6928104575163399,0.7397260273972602,0.18634905320128867,0.4907538144661506,0.1032992338176672,0.3920190487411863,0.4668117700314253,0.4418206417224695
72,72,0.9718196354333226,0.6311430750790018,0.990033222591362,0.7412400790212456,0.6366013071895424,0.6956521739130435,0.1666683555163743,0.4871761686575324,0.09977575653851116,0.442410602013228,0.4822630566493496,0.4635016284661716
73,73,0.8962797143161709,0.654832162373146,0.9772850189291508,0.6972275950999355,0.7652380952380953,0.6301369863013698,0.30746666482709795,0.4793290306459933,0.14882336591213596,0.4572409961806711,0.429238403843182,0.4861083931213426
74,74,0.9346527767278004,0.6507936507936508,0.9791172282866636,0.7825601340300768,0.6662245800176835,0.7323943661971831,0.2464719403592921,0.4794681870361579,0.14307474716126994,0.4122791025652036,0.4772594307151871,0.4458618132776515
75,75,0.9461116650049848,0.6422902494331066,0.9585910440376052,0.7345252150446956,0.6302794022092267,0.6438356164383562,0.22778596516331234,0.48159878712058396,0.20022042860591546,0.4363954803511916,0.48778958091084396,0.4821785922507987
76,76,0.9477632675743264,0.6449735449735451,0.9795865633074936,0.6949002217294901,0.6605555555555556,0.7049180327868853,0.22374626674330125,0.4812863448520981,0.1428829503079644,0.4654558266361853,0.4721996789927152,0.4598645559684563
77,77,0.9203304066295735,0.5735930735930735,0.9902325581395348,0.75,0.7051561365286856,0.6825396825396826,0.2732057826911394,0.4996937828058915,0.09877295966495896,0.4378271177078384,0.461849052787383,0.4692271210638118
78,78,0.9266792215944758,0.6747749604892461,0.9696250593260559,0.6852964131799518,0.6833333333333333,0.7571428571428571,0.2630792638509582,0.4718157690460474,0.17305653640290608,0.4642305061608816,0.4684164603014908,0.4319055950832105
79,79,0.9366636931311332,0.5656007974848555,0.959658281917418,0.7212825933756167,0.6905973242886754,0.6666666666666666,0.2454503523424603,0.4994090973979072,0.19767186509937773,0.4415972193788385,0.4621325696850908,0.4747126632775413
80,80,0.5380310367598503,0.6034221146085553,0.6476028622540251,0.3863636363636364,0.6418803418803418,0.7222222222222222,0.5025843945485228,0.4935197471220902,0.4822983141194686,0.4881811753140727,0.4811510389659301,0.4510464272103454
81,81,0.8556506750933639,0.5839506172839507,0.6167062173706692,0.5912904791623327,0.5431235431235432,0.625,0.3479864459874531,0.497526002126243,0.4908952011952202,0.4965299085789079,0.5040946072474984,0.4875203137696194
82,82,0.9088959536484884,0.6967736665849873,0.7010943912448699,0.6561983471074381,0.5620008406893652,0.6617647058823529,0.2877306347526997,0.4630231360362776,0.4607187890359671,0.4797038844837632,0.5018101398071023,0.4766266450123546
83,83,0.9275432259448286,0.5634920634920635,0.7433040036142246,0.7369146005509641,0.5698496905393458,0.6911764705882353,0.2572773116201652,0.4999413705793975,0.43967822074185664,0.43999913355935183,0.4997280197919679,0.4654432309413774
84,84,0.9155309581459704,0.6596119929453264,0.8345022763627415,0.6756814613957471,0.5625730994152047,0.6911764705882353,0.2785663491340753,0.4770381325142705,0.3748636868803207,0.4723764711937818,0.5011363144669121,0.4654432309413774
85,85,0.9203389830508474,0.6304075235109718,0.8019151846785226,0.7354010695187166,0.6436781609195402,0.5333333333333333,0.27274330704527033,0.4868824783646973,0.4027966233440903,0.4446600022246885,0.4844498929931651,0.5022472023339226
86,86,0.9232448232011692,0.5887445887445888,0.8174924165824065,0.7083333333333334,0.6291902071563088,0.7826086956521741,0.2686618056233517,0.4967020427906965,0.37771054094303996,0.4524996047024707,0.4885030641605073,0.4154928051118867
87,87,0.9486432386976038,0.6634217851789627,0.7967884828349944,0.6730837789661319,0.696223316912972,0.6216216216216216,0.21940451285275386,0.4751045971607845,0.4054301677265633,0.4721410027169195,0.4563020230923298,0.488293160952466
88,88,0.9402795885846732,0.6806418219461697,0.8372093023255814,0.8195934500282327,0.7084291187739463,0.7605633802816901,0.2343751635629789,0.4692209529785599,0.3722645984563373,0.3870054813957878,0.4584983909003766,0.42977697646219
89,89,0.9522830415856256,0.6666666666666666,0.8498062015503876,0.7295454545454546,0.5524691358024691,0.64,0.21450077004646995,0.4762075503109359,0.3588554247371589,0.4463650796747571,0.5034060542532894,0.4832323597540975
90,90,0.9645379989065064,0.6672210433751983,0.8586508329209962,0.6900105708245243,0.7534846674631619,0.6049382716049383,0.1851933338983575,0.4741817095861222,0.3509822214157993,0.4633451326920101,0.4358801899590076,0.4919098582484146
91,91,0.939466538025833,0.6122448979591837,0.8328488372093024,0.8215488215488217,0.6276881720430108,0.6712328767123288,0.2385302755569896,0.4870810589210725,0.37219889529377054,0.3789314642986096,0.4894555086814709,0.4730161648796402
92,92,0.9296398305084744,0.6338624338624338,0.8496124031007751,0.7143227143227142,0.6510938079347424,0.7922077922077922,0.25402046246998106,0.48497991491948106,0.360972932161756,0.4554734600291064,0.4817094896439506,0.4083877909943189
93,93,0.9637466547725244,0.5496894409937888,0.8515586343394358,0.7303303751211871,0.7175925925925926,0.7051282051282052,0.1873255454603971,0.4983662661679472,0.35871283015739497,0.4406044516474251,0.4560906344792544,0.4589364995538169
94,94,0.962994350282486,0.6789740050609615,0.8515826873385013,0.6986339366202067,0.6237513873473918,0.7285714285714285,0.19047913348539425,0.4681196357784851,0.3572562873491931,0.4607619638181816,0.4891843339705597,0.4479074882299048
95,95,0.9564118963863129,0.5585249756265412,0.8132258346188549,0.6892250116949945,0.7209530827806435,0.7123287671232876,0.20559094136957545,0.4976136034378826,0.3908129350218473,0.4676940763086337,0.4542718571899406,0.4558097816826944
96,96,0.9464763603925068,0.6547036140256479,0.8699985555395059,0.7581168831168832,0.8063326827152462,0.7,0.22605354292623955,0.4799504822919274,0.33319335400658,0.4288112018296478,0.3981943231870108,0.4615663313770508
97,97,0.9356974499283424,0.626468978395956,0.8121691548206744,0.8123678646934461,0.736842105263158,0.6447368421052632,0.2473964295350041,0.4879396520315305,0.3935520893632621,0.3941620486755048,0.4429937764266372,0.4817730411281797
98,98,0.9647457627118644,0.6153846153846154,0.8715445370776657,0.7721723689634398,0.7282051282051282,0.6376811594202898,0.1814924009045782,0.4912507507890746,0.33794445223816755,0.42308778290654864,0.4481599125855539,0.4841917003915366
99,99,0.9666397632499326,0.6258731936223538,0.8870839033287733,0.758220502901354,0.8086419753086421,0.7941176470588235,0.17988370977208168,0.4849110962220031,0.3179987865106873,0.4310609413302253,0.3983565827608989,0.40735123754409946
100,100,0.9277010053813134,0.7134920634920635,0.8536821705426357,0.773063973063973,0.7891714520098442,0.7246376811594203,0.25731545687771085,0.4562809304099124,0.3565678520400553,0.4220504457473177,0.4134542277656703,0.4499692136859278
101,101,0.9623915847121456,0.5187756261925061,0.8174264561724532,0.7581168831168832,0.7444444444444445,0.7397260273972602,0.1905088918444091,0.5034968261019944,0.3890694464267503,0.4326322346996526,0.4371871871098689,0.4418206417224697
102,102,0.950996134403806,0.5913753799392097,0.8435924540575704,0.8454545454545456,0.7619047619047621,0.7761194029850746,0.217387437424104,0.4954888930251273,0.3670971782199527,0.3644896781882675,0.4306707538990061,0.4199890158155314
103,103,0.9565588947443384,0.6428571428571429,0.9162144702842379,0.7990259740259741,0.7561807331628303,0.8360655737704918,0.20309334829081213,0.4827683142339047,0.2767139025919317,0.40397270812300506,0.43516622162030905,0.3732884438274001
104,104,0.9570133179281388,0.6682485875706216,0.8190697674418604,0.8327922077922078,0.8120915032679739,0.7058823529411765,0.204167261814354,0.4750934365081181,0.3886833020118855,0.3760252287057288,0.3922700658873759,0.4590328421057632
105,105,0.9389820183069432,0.5795641646489104,0.9102295056947172,0.8357256778309409,0.8131842534358257,0.7164179104477612,0.2407110030983177,0.4959134011000945,0.2877644336235428,0.3692977321244249,0.3861192382214231,0.4541382164873988
106,106,0.926599981476336,0.618419452887538,0.8274965800273597,0.7534405042083848,0.8292810457516341,0.6811594202898551,0.2630388281950857,0.4884249907080501,0.3813275949237518,0.4343191805929068,0.3799395933290029,0.4694412706232431
107,107,0.936645236703682,0.5761635961375431,0.7854670607451194,0.751805915224206,0.8237861429350792,0.6716417910447762,0.2435125956440849,0.4983601019618328,0.4147694202085097,0.4347708882073658,0.3838463477450223,0.4731602234073838
108,108,0.9599383667180278,0.7350649350649351,0.8763051732320836,0.8323282891493154,0.8170803782505911,0.6857142857142857,0.19214290662946515,0.4414966195646484,0.3326762867267746,0.3746570701558059,0.3915378757953431,0.4675826561931813
109,109,0.9085637823371993,0.6547570476579044,0.8660465116279069,0.7571548821548821,0.7972459639126305,0.6865671641791045,0.29084949659997444,0.4774283603439912,0.3366738531641331,0.4327943363087509,0.4071072396520787,0.467389760908861
110,110,0.9755178907721279,0.5909081092754561,0.8444767441860465,0.8073365231259969,0.8515873015873014,0.7083333333333334,0.15312407464361338,0.4909505461934169,0.364840319515486,0.3979910729038778,0.34850555466678923,0.4577193924813773
111,111,0.9699537750385208,0.6673476506054113,0.8101210251542478,0.7980765244787132,0.8401298437817002,0.6716417910447762,0.16885913731975044,0.4754679652870499,0.3964378374880824,0.4017146865757437,0.3654815241887925,0.4731602234073838
112,112,0.9363537295091467,0.6741872506578389,0.8525928065867399,0.8563611491108071,0.8140610545790935,0.6619718309859155,0.24666862463550995,0.4729063910453776,0.35827095480799376,0.3530878299985697,0.3939121533637495,0.4764050489066446
113,113,0.9636747168998192,0.6275503109045036,0.8484912990261294,0.7669294990723562,0.818342151675485,0.6266666666666667,0.1887560222780396,0.487815663769564,0.3593881692016927,0.4255978058660337,0.3858247339548277,0.4869467292395721
114,114,0.9533348007924279,0.7017148861120492,0.8734331189180272,0.7819693533979248,0.7595402298850575,0.676056338028169,0.21294060422721128,0.4591669542267072,0.3354715738609651,0.4151330282302617,0.43274171154880176,0.4713096612426741
115,115,0.966348677101664,0.6621743036837376,0.8742555303460011,0.816326530612245,0.8536398467432951,0.6666666666666666,0.18069399116970872,0.4751303901802086,0.3347752343551084,0.3912303982179758,0.3568011731014686,0.4747126632775414
116,116,0.9633612748710392,0.6563732563732563,0.7675560461310089,0.8361314927662398,0.8750907770515615,0.7014925373134329,0.1895020675947999,0.4790298101138965,0.4267388527170452,0.3735541470807823,0.3099187725837507,0.4610569337463494
117,117,0.9548570748110304,0.6472663139329806,0.8335739699891713,0.7833333333333333,0.8637426900584795,0.5942028985507246,0.20680762609614795,0.4825185557490139,0.3758124790702298,0.4052998673677571,0.3390759834968431,0.494643085220223
118,118,0.9477749547057752,0.7493827160493827,0.8910056180395359,0.7951178451178452,0.8425641025641026,0.7846153846153846,0.22048713981841409,0.4375203849518318,0.315006123332678,0.4066179876752638,0.3679289158742393,0.4142880826002788
119,119,0.940427413411938,0.6466920963044994,0.8763051732320836,0.8482441094159069,0.8284745762711865,0.640625,0.2379714951278062,0.4824662381539039,0.3326762867267745,0.35889386496881515,0.3707847745745225,0.48361034754641896
120,120,0.5113852558091635,0.6021594684385382,0.7318462268628382,0.6029684601113172,0.4358660130718955,0.6956521739130435,0.4944517729582389,0.4913657425398284,0.43005366108145854,0.4796505445692533,0.4934356268682438,0.4635016284661715
121,121,0.8481645431134599,0.6101909362778929,0.8823938321536906,0.4725756910925845,0.6354515050167223,0.6896551724137931,0.3605393737494673,0.49258864329399293,0.32538198855401523,0.5034862179891111,0.4809622808530181,0.4666753088820376
122,122,0.881120527306968,0.5584415584415584,0.9056016177957532,0.5787098306695171,0.6697530864197531,0.6493506493506493,0.3268372868657583,0.5017617071690548,0.29331627848856234,0.4856022776468131,0.4729009000122283,0.4803023654629545
123,123,0.8456987527982092,0.5629251700680272,0.8620423057892131,0.6090947990819622,0.7570850202429149,0.7971014492753623,0.3643649867449243,0.5012664302035789,0.3469925021450802,0.4809173064797103,0.4314101542524475,0.4051038408971624
124,124,0.9075019260400616,0.5756415812027541,0.903467083990196,0.6587008294325368,0.7308609846020385,0.6756756756756757,0.29218721066316444,0.4981826363531191,0.2939919791780815,0.4785693882908579,0.4486286603410115,0.4713172478992738
125,125,0.9567962778331672,0.7151234744197559,0.8787327266599259,0.6132231404958678,0.7463450292397661,0.7027027027027027,0.1988961626641696,0.4556406830354608,0.32856416657926324,0.4917451075723268,0.4316932246208864,0.4601884584090189
126,126,0.932493118933797,0.6050125313283209,0.9048738248391888,0.6541110997997897,0.6885780885780886,0.676056338028169,0.2531631492844142,0.4903004977557091,0.2949508542245601,0.4773352501071314,0.4560495248957505,0.4713096612426741
127,127,0.929432855280313,0.6165280927185689,0.8736392874814448,0.5981703830760434,0.7457561728395061,0.6714285714285714,0.25863178186764324,0.4909874660523084,0.3358097879955101,0.4949376201032171,0.4398773618247317,0.473085112648373
128,128,0.9901873327386264,0.6456084656084656,0.9164513350559862,0.663961038961039,0.7498834498834498,0.7352941176470589,0.09924305700863828,0.4829981064194094,0.2791676635595361,0.4770081976862881,0.4200269003419094,0.4444566382094698
129,129,0.9327759266327617,0.6218266156835706,0.8995348837209303,0.685064935064935,0.7735632183908046,0.7042253521126759,0.2455580428444918,0.4894700970706663,0.30302933767588364,0.4681301477866209,0.4196093729965423,0.4596385597769217
130,130,0.9658009113741296,0.6624922696351268,0.8616300642878717,0.6667009461127108,0.7519047619047621,0.8169014084507042,0.1831999029458405,0.4770993269421369,0.3459034701867186,0.4714765058042549,0.4367106542885539,0.3895000148516256
131,131,0.9730197163611208,0.6446326958456339,0.9065017318159326,0.6044447758967858,0.7701149425287356,0.6470588235294118,0.16041813426681836,0.4832070463143983,0.2939146549294947,0.4911500517192736,0.42547549759703895,0.4814377064012165
132,132,0.938510051241624,0.6874725274725274,0.9286365709074326,0.6839225589225589,0.7754036087369419,0.6811594202898551,0.23219357097785998,0.4661478985481585,0.2598174611120093,0.4668299063427934,0.4221893689572387,0.4694412706232431
133,133,0.9743318633441372,0.4933706816059757,0.8969835996414071,0.6343434343434343,0.7874608150470218,0.6794871794871795,0.1591633845635847,0.5047450251356324,0.29568671970706434,0.4807842215343374,0.4074484540253782,0.469694284202736
134,134,0.9659751265683468,0.6540462608913684,0.8832261256803563,0.7609479469317745,0.7784615384615385,0.7014925373134329,0.18183083928499505,0.480396939559519,0.32443003149047744,0.42988319040517786,0.418419081243406,0.4610569337463495
135,135,0.9559322033898306,0.5875077303648732,0.9025665296990296,0.6038961038961039,0.7898193760262725,0.6756756756756757,0.2006969596246488,0.4967952113045526,0.2950793826096117,0.4871978925351652,0.40005235293970587,0.4713172478992738
136,136,0.9230309072781654,0.6406181520227138,0.7980033181011148,0.6863207547169812,0.8148148148148148,0.6567164179104478,0.2686793932128461,0.4829292549797603,0.4042794108896576,0.4590653311529531,0.38923396338338206,0.4783886718903729
137,137,0.9387536315783832,0.6195438661786903,0.8578073089700997,0.6173813607775872,0.7702821869488535,0.7027027027027027,0.23952576545096824,0.4855565688487967,0.3480599850622049,0.4901807403414444,0.42281253505525546,0.4601884584090189
138,138,0.9636787996665741,0.6777087646652864,0.8570402926138294,0.6608527131782946,0.8222811671087533,0.6857142857142857,0.18831251905211052,0.4718563160484454,0.3536108117209921,0.4764524543543433,0.3867673140593679,0.4675826561931813
139,139,0.9722004769793732,0.670943216916132,0.8907250341997265,0.6553030303030303,0.8210445468509984,0.6716417910447762,0.16546336683852916,0.473893694470409,0.3149440024359187,0.4798413114562511,0.3866516476210744,0.4731602234073838
140,140,0.9494915254237288,0.5839506172839507,0.8375267241137863,0.7078692058929215,0.8049382716049384,0.7246376811594203,0.22101509908233755,0.4975260021262431,0.3715046540824094,0.4516550719213768,0.4014220591136353,0.4499692136859277
141,141,0.9550328606018679,0.6845378151260504,0.8734693877551021,0.6428125650093613,0.7897076023391814,0.7837837837837838,0.2025467402912859,0.4526530795025807,0.3308161742518921,0.4838667007833708,0.40932481991318703,0.4144734329034216
142,142,0.9415479178071796,0.6664550264550265,0.8957099523328036,0.6131907308377896,0.8489010989010991,0.7761194029850746,0.2353368542303104,0.4761087148600529,0.3083482896568845,0.4885767498274415,0.3616792811845876,0.4199890158155313
143,143,0.9555409028017988,0.6341218305504019,0.7898180218813569,0.5615702479338842,0.7921907756813417,0.7352941176470589,0.20736287876108705,0.4852343422759402,0.41086498194632337,0.5020206686323324,0.4111928040128744,0.4444566382094698
144,144,0.9430043203722166,0.6258029344141838,0.7974699718885765,0.6323350562480997,0.8351488743645606,0.6818181818181818,0.2340511463739873,0.4894052087205379,0.3968303675130092,0.4872141219350018,0.3689821576819469,0.4693396640810579
145,145,0.9755178907721279,0.5910328807721573,0.8630147570115121,0.6805194805194805,0.8650953984287317,0.7692307692307693,0.15312407464361333,0.4913275376417748,0.3397132550756853,0.4695135639345226,0.3331458863237198,0.4246038878042235
146,146,0.9266775943356372,0.6552028218694885,0.8338870431893689,0.6693017127799737,0.8561089825457642,0.68,0.2627988351185153,0.4799137221512669,0.37104114078970096,0.4579727468503785,0.3543665035116952,0.4696174406264534
147,147,0.9661778366607274,0.6236068895643364,0.8392355153152495,0.6549031057260684,0.8381286549707602,0.7945205479452054,0.18105946208451573,0.4877837403828449,0.3683711947155876,0.4697097242373445,0.3683001423296511,0.4068477776211285
148,148,0.9637466547725244,0.6788548752834467,0.8892975112668334,0.6530230236475947,0.8135802469135802,0.7333333333333333,0.18732554546039715,0.4708940485545405,0.31675341861872314,0.4805140364031758,0.3901709875382204,0.4451945621839941
149,149,0.9345882866973728,0.5773439810706892,0.8883720930232559,0.7063847482566694,0.8518518518518517,0.6666666666666666,0.2491151166470573,0.4987743120386061,0.3177045658785748,0.4586510059765868,0.3551646007451625,0.4747126632775413
150,150,0.9381676399373308,0.6656084656084656,0.8515074476616218,0.6753246753246753,0.8737373737373737,0.7272727272727273,0.23762300212650656,0.4753374400110418,0.3564527628638931,0.4726269726369945,0.3326547117957797,0.44877455520405934
151,151,0.9516747376916868,0.5906558849955076,0.8781687682708671,0.7254794947762357,0.8472222222222222,0.7671232876712328,0.2164891957940798,0.4964816601431464,0.3298658911061917,0.4440837829041821,0.3645241108029202,0.4255893934430971
152,152,0.9635593220338982,0.6773566569484938,0.8366790990200381,0.7034867306606437,0.8489729225023344,0.7027027027027027,0.18855554082558465,0.4717098572722263,0.36726472148781736,0.4595552105548738,0.3618302997980707,0.4601884584090189
153,153,0.9536128456735058,0.6587301587301587,0.895,0.5860735009671181,0.8905917411664538,0.7258064516129032,0.21220417661242308,0.4786726513990655,0.3091570482071034,0.4900640431303902,0.3150855331879232,0.4497487400071536
154,154,0.9823632874960024,0.6781305114638448,0.9470654283865564,0.6917869364677875,0.7966666666666666,0.7037037037037037,0.1327860333057211,0.4719557287442528,0.22389515649958566,0.4651354908643965,0.4064283290300191,0.4594682917363408
155,155,0.9738906083157628,0.6297376093294461,0.8528516057585825,0.6657109124641593,0.8708994708994708,0.6323529411764706,0.16046133450464495,0.4873845436527572,0.3478867638008981,0.4719122764424105,0.3389355459040719,0.4857495136294223
156,156,0.9658867505124588,0.6726690676270508,0.8674418604651162,0.6663807890222985,0.8408338203779464,0.6301369863013698,0.18186450509598187,0.4729300258876037,0.3406865417107736,0.4670359772135387,0.3698235991283524,0.4861083931213426
157,157,0.9523040854759982,0.5695497246517655,0.8483899821109124,0.6290527654164019,0.8507936507936509,0.7042253521126759,0.2147891636675341,0.4995948153969979,0.358470584972077,0.4809100565297765,0.35462871736705914,0.4596385597769216
158,158,0.9616801768607222,0.635762876579203,0.8770764119601329,0.7583299879566439,0.7800910865322056,0.7428571428571429,0.1886696503660159,0.4837716197879568,0.33113803397432856,0.4287183303781365,0.4192222764764493,0.4402145157486023
159,159,0.9334561532792928,0.6488888888888888,0.8999678279253608,0.6939475618720902,0.7923728813559322,0.7076923076923077,0.2486607278316793,0.4815058532309466,0.3018234835933785,0.4659016128259503,0.4090049172414105,0.4583624699363527
160,160,0.7210309686000325,0.6300658561296859,0.8953488372093024,0.7232854864433812,0.7071428571428572,0.6097560975609756,0.4165229236157846,0.4885600672754714,0.3069700862702752,0.450399214985387,0.4482872119125799,0.4938647983247949
161,161,0.8129564558357448,0.5521394705068174,0.8372093023255814,0.6311688311688312,0.8095238095238094,0.7708333333333334,0.3929180084226401,0.5018303935890718,0.3695745741439183,0.4901815482661134,0.39544249531557774,0.4247443953937941
162,162,0.8812122191982611,0.6557153753950093,0.9127906976744186,0.6883116883116883,0.7851190476190477,0.7021276595744681,0.3271017279564156,0.4810697968704089,0.28632240478264964,0.4705439847450064,0.4187618274349496,0.46226726774346905
163,163,0.8455019556714473,0.5904761904761904,0.9130944898386758,0.6717783614335338,0.7584345479082322,0.6521739130434783,0.3557967614347468,0.4991669510846569,0.2851489178722797,0.4668756783206657,0.4352735917555967,0.4815434123430768
164,164,0.9401591144932552,0.7441690962099126,0.9269493844049248,0.6226489028213167,0.7192982456140351,0.7446808510638298,0.2383229715170696,0.4422626124738209,0.2636463544455206,0.4929297394583697,0.4572914412182208,0.4407545460261734
165,165,0.9090971982013144,0.6270619358854652,0.9104517508687516,0.7269640376601326,0.7222222222222222,0.6666666666666666,0.29022950737475145,0.4893893347703585,0.28998880446934594,0.4432084847449222,0.4408635678423097,0.4771187236136978
166,166,0.8956492346322856,0.6281573498964803,0.8829001367989057,0.8069036226930965,0.6904761904761905,0.675,0.3082988211670181,0.4884720567000656,0.3248770544738112,0.4006518644338217,0.462228798523928,0.4743416490252569
167,167,0.8860169491525425,0.7530345471521942,0.8882220555138786,0.7110389610389609,0.7722222222222223,0.6222222222222222,0.3219682231556234,0.4332880371405063,0.3164350333695077,0.4594682917363406,0.4172714172429539,0.4903101471559
168,168,0.9201313438601576,0.6009070294784581,0.8811865128444273,0.6505596505596505,0.7180451127819549,0.7045454545454546,0.26929662158471285,0.4907334827421985,0.3283622204064842,0.4842539635032096,0.4569189069927587,0.4615215208036401
169,169,0.9119903802107192,0.7193186217576462,0.9658914728682172,0.6326905417814509,0.6530214424951267,0.5957446808510638,0.2861474840397237,0.4506489548345995,0.18157334995244226,0.4904781796731751,0.4812265031857878,0.4960528753410619
170,170,0.9354662493356168,0.6568986568986569,0.949091264412742,0.7535353535353534,0.7881562881562882,0.6,0.2483268452992157,0.4807527485504605,0.22266017739837404,0.43727106502652624,0.4045964320547078,0.4948716593053935
171,171,0.9150058980567456,0.5711315711315711,0.8806118641959954,0.7530080213903744,0.7111111111111111,0.7619047619047619,0.28218197931774675,0.5009755644385848,0.3291881736970709,0.43643386889677227,0.4572865762584586,0.4310805374090424
172,172,0.9046892655367232,0.5666666666666668,0.9416247642991832,0.6980146290491118,0.7676623992413466,0.7446808510638298,0.29367901600702284,0.4949984032335328,0.23793893156743906,0.4655124629427821,0.42981445767005294,0.4407545460261734
173,173,0.9357703377530692,0.6141141141141142,0.8413201785294808,0.6865203761755485,0.7579022988505747,0.7560975609756098,0.24346072030558075,0.4923546319932492,0.3689240463274392,0.4643527654441401,0.4348664544299178,0.4347693529262411
174,174,0.9337361827560796,0.5927051671732522,0.9728596984410938,0.6909636909636909,0.7065148640101202,0.5135135135135135,0.25049751499310385,0.4925459231486399,0.1647481827739826,0.4695320938200645,0.4632522360686125,0.5067117097095317
175,175,0.9333674799776496,0.6850438478345454,0.9426356589147288,0.5767973856209151,0.7251461988304093,0.6304347826086957,0.2520988465721831,0.4684074150580601,0.23425070031469344,0.4992110824931412,0.4468673208870618,0.4880207487471505
176,176,0.9516363191128367,0.6034013605442177,0.8837985358408568,0.5875452820424357,0.8406862745098039,0.7647058823529411,0.2171118543077504,0.49445048510785,0.3225482808273365,0.495575435426765,0.3728737209641849,0.4284033283772501
177,177,0.9669061555105553,0.5680491551459292,0.9527381845461366,0.7267045454545454,0.7272272272272272,0.6904761904761905,0.1807011623008365,0.5017573093069537,0.2099042530218577,0.4529688127904686,0.4537025285279962,0.4679011380933327
178,178,0.8901735270379338,0.6352282515073213,0.8860009119927039,0.5942435942435942,0.7082082082082083,0.6458333333333334,0.3166986846926612,0.486867395764145,0.31845899317363285,0.4984347627552948,0.4575936165086074,0.4833211052500623
179,179,0.9683711434139592,0.6452150908672648,0.878548221614227,0.5746023282680174,0.8059523809523811,0.5777777777777777,0.17669666071478055,0.4802907004186789,0.32990818770025504,0.5015227243678009,0.4006657419147655,0.4994946941609586
180,180,0.9010623631497852,0.6606060606060605,0.9045386346586648,0.7081339712918661,0.7268518518518519,0.6326530612244898,0.3020306402640865,0.4794468802869114,0.2981263015369358,0.4594021506810085,0.4484905694099634,0.4870779177494948
181,181,0.937783955355476,0.6700083542188805,0.9001367989056087,0.681301652892562,0.7111111111111111,0.7254901960784313,0.24405359059376025,0.4729484005757042,0.3019264771692583,0.4714083779681909,0.4276834872497492,0.4507075048209879
182,182,0.8987673343605548,0.685764411027569,0.8632158039509877,0.6983471074380165,0.7777777777777778,0.6458333333333334,0.2959834201954514,0.4587386697919401,0.3480688852033134,0.4655201235811246,0.4215572273880393,0.4833211052500624
183,183,0.9199867928681488,0.7518661518661518,0.8831259539022687,0.65606529693217,0.6597222222222222,0.6097560975609756,0.2739763446137713,0.4355600271529985,0.32609397047329275,0.48123885393015703,0.4708409248043211,0.4938647983247948
184,184,0.8501145213009621,0.6492063492063493,0.9177044261065268,0.7443716158449699,0.7407407407407407,0.6458333333333334,0.3588716090698045,0.4811395646541745,0.2752106219627478,0.4431605267008053,0.4458857091184607,0.4833211052500622
185,185,0.9489352455454152,0.6503496503496504,0.945736434108527,0.6325439266615738,0.7037037037037037,0.6,0.2204806324963674,0.4829628202171489,0.22260903230124865,0.4856375525867907,0.4257011959240044,0.4961389383568338
186,186,0.9404237288135592,0.6911624960405449,0.9217054263565893,0.6593204775022957,0.8908382066276803,0.7254901960784313,0.23902267798367424,0.4675221563480512,0.27205350501183395,0.4795356703323809,0.31762330574448816,0.4507075048209878
187,187,0.908418139780444,0.6168653125174866,0.7754217966256272,0.6098914163430292,0.7978279030910609,0.6595744680851063,0.2888113553410428,0.4905446735004371,0.4232930336122748,0.4936176708230041,0.4074679606304717,0.4789751624985076
188,188,0.9366912702751958,0.6142857142857143,0.9343835958989748,0.7161045342863525,0.8441176470588234,0.5740740740740741,0.2446320514489341,0.4931989172461613,0.2517759343527893,0.4573246485220692,0.3685825202873554,0.4991257206110918
189,189,0.9336989032901296,0.7769139401792463,0.9379844961240308,0.7580348943985307,0.7282841249465126,0.7435897435897436,0.25114094677307897,0.4228726478547789,0.23720003813896484,0.4332779288431627,0.4281472300421503,0.4423590300547567
190,190,0.9271140755630682,0.7258658008658008,0.9141947649074432,0.7422821081357666,0.7087542087542088,0.7446808510638298,0.2629848984822685,0.4515653816910607,0.2833449763845505,0.4444798260135633,0.4616476803425309,0.44075454602617337
191,191,0.9272352255403103,0.6688588478869809,0.9024756189047264,0.6888888888888891,0.7803418803418803,0.7142857142857143,0.26207343707273034,0.4743994002081552,0.2998382289598251,0.4533550426468821,0.416849606580873,0.4564354645876384
192,192,0.9145085069993272,0.6486150015561781,0.8832495285983657,0.7626262626262627,0.6818181818181819,0.75,0.28013090410185865,0.4776051213444608,0.3258366238798236,0.4323248337821479,0.4627354656636281,0.4385290096535146
193,193,0.9047663211914644,0.6452058579718154,0.9408033826638478,0.7544409613375129,0.6738906088751291,0.75,0.2967372741359525,0.4849332819221438,0.23148353452321066,0.4293370282629638,0.4772153077851711,0.4372373160976031
194,194,0.9288301761382518,0.6061009769761564,0.9697464906767232,0.6540404040404041,0.7338217338217338,0.7777777777777778,0.2586698878357494,0.491856377575992,0.17394564195359227,0.4825419668910005,0.4491108084470756,0.4204374825912609
195,195,0.9200865870855902,0.6296296296296297,0.970401691331924,0.5619834710743802,0.7124999999999999,0.6888888888888889,0.27445600757480604,0.4739685130190138,0.16923374110343364,0.5035945825835536,0.461167766738091,0.4681793664739179
196,196,0.9435835351089592,0.6248032004129564,0.9073959666387184,0.8068181818181818,0.6878306878306878,0.7291666666666666,0.2317849061814221,0.4874670678746279,0.2944415219693027,0.3928537412261112,0.4687229606269154,0.4490928602896293
197,197,0.9506064649763988,0.7010025062656642,0.9047678908144026,0.7404976489028212,0.8232142857142857,0.75,0.21942842872834428,0.4560469330765209,0.2949621011106236,0.4452604028744552,0.3892120702017178,0.4369314487526515
198,198,0.9108090821874,0.6665429808286951,0.9095058910616248,0.7831439393939393,0.6611842105263158,0.5128205128205128,0.28812111232483584,0.4776848817841673,0.2919306823935546,0.4012155072787079,0.4773075136172013,0.5063696835418332
199,199,0.9740777666999004,0.6443697478991597,0.8955063969244345,0.7473684210526316,0.7925696594427244,0.6666666666666666,0.15737789507292668,0.4849965930142925,0.3107317956768381,0.4370657782013713,0.4131712403936186,0.4780914437337574
